	Gene	log2FC	P-value	P-value_adj	UP	Fold_Change
1	ADIPOR1	-0.1816415902052286	0.0	0.0	Tumor	0.8816991718777504
9	PLA2G15	-0.10928618216103277	0.0	0.0	Tumor	0.9270466333305862
10	BAAT	-0.317991226315985	0.709	0.709	Tumor	0.8021860447954544
11	CYP2C8	-0.06631153197479175	0.0	0.0	Tumor	0.9550766772341723
12	PLA2G1B	-0.016947408152875355	0.255	0.2714516129032258	Tumor	0.9883216790143768
18	ACOT7	-0.487602207600084	0.0	0.0	Tumor	0.7132094838830966
23	PTGIR	-0.5331309047712418	0.0	0.0	Tumor	0.6910533968097142
27	PLCH1	-0.04813476384410157	0.437	0.45065625	Tumor	0.967185979411895
28	CNR2	-0.9328807185256739	0.011	0.0121	Tumor	0.5238113702833832